{"Precipitaci\u00f3n (ml)":{"count":9750.0,"mean":0.1233620513,"std":1.2247938398,"min":0.0,"25%":0.0,"50%":0.0,"75%":0.0,"max":44.0}}