{"PORVL2N1":{"count":2226.0,"mean":0.7617564509,"std":0.1667230563,"min":0.12,"25%":0.71,"50%":0.81,"75%":0.87,"max":1.02},"PORVL2N2":{"count":2226.0,"mean":0.7631783296,"std":0.1863911853,"min":0.06,"25%":0.7,"50%":0.78,"75%":0.87,"max":1.23},"PORVL4N1":{"count":2226.0,"mean":0.8963269928,"std":0.1629366899,"min":0.09,"25%":0.85,"50%":0.96,"75%":1.0,"max":1.09},"PORVL5N1":{"count":2226.0,"mean":0.6416828031,"std":0.1517883769,"min":0.06,"25%":0.53,"50%":0.66,"75%":0.75,"max":0.94},"PORVL6N1":{"count":2226.0,"mean":1.4106672888,"std":0.2811240246,"min":0.19,"25%":1.32,"50%":1.42,"75%":1.67,"max":1.68},"PORVL7N1":{"count":2226.0,"mean":1.0741659152,"std":0.2451407364,"min":0.12,"25%":0.95,"50%":1.15,"75%":1.24,"max":1.54},"PORVL8N1":{"count":2226.0,"mean":1.0913906391,"std":0.1705955239,"min":0.12,"25%":1.05,"50%":1.13,"75%":1.19,"max":1.31},"PORVL9N1":{"count":2226.0,"mean":0.9397783808,"std":0.164340003,"min":0.06,"25%":0.83,"50%":0.95,"75%":1.07,"max":1.22},"PORVL10N1":{"count":2226.0,"mean":0.9734141959,"std":0.1560732356,"min":0.1,"25%":0.89,"50%":0.95,"75%":1.06,"max":1.32},"PORVL13N1":{"count":2226.0,"mean":0.9683869506,"std":0.1562853305,"min":0.08,"25%":0.9,"50%":0.98,"75%":1.07,"max":1.22},"PORVL14N1":{"count":2226.0,"mean":1.0835964912,"std":0.2202434642,"min":0.26,"25%":0.97,"50%":1.11,"75%":1.25,"max":1.46},"PORVL15N1":{"count":2226.0,"mean":0.9712817029,"std":0.1112213559,"min":0.26,"25%":0.92,"50%":0.99,"75%":1.05,"max":1.16},"PORVL16N1":{"count":2226.0,"mean":0.8800996828,"std":0.1186826153,"min":0.25,"25%":0.82,"50%":0.89,"75%":0.95,"max":1.21},"PORVL16N2":{"count":2226.0,"mean":1.5253582839,"std":0.1865686532,"min":0.89,"25%":1.4,"50%":1.59,"75%":1.69,"max":1.7},"PORVL18N1":{"count":2226.0,"mean":0.8830849142,"std":0.1206026628,"min":0.1,"25%":0.84,"50%":0.9,"75%":0.96,"max":1.07},"PORVL18N2":{"count":2226.0,"mean":0.8717361741,"std":0.2196230176,"min":0.1,"25%":0.76,"50%":0.9,"75%":1.04,"max":1.36},"PORVL18N3":{"count":2226.0,"mean":1.2003514377,"std":0.208705835,"min":0.29,"25%":1.1,"50%":1.24,"75%":1.33,"max":1.58},"PORVL18N4":{"count":2226.0,"mean":1.2242991533,"std":0.1378031583,"min":0.62,"25%":1.13,"50%":1.2242991533,"75%":1.32,"max":1.49},"PORVL21N1":{"count":2226.0,"mean":1.0822217195,"std":0.1095358776,"min":0.36,"25%":1.03,"50%":1.07,"75%":1.16,"max":1.47},"PORVL21N2":{"count":2226.0,"mean":0.9385617433,"std":0.1542675749,"min":0.09,"25%":0.86,"50%":0.94,"75%":1.06,"max":1.18},"PORVL21N3":{"count":2226.0,"mean":0.8678922934,"std":0.1732570099,"min":0.14,"25%":0.79,"50%":0.88,"75%":1.0,"max":1.22},"PORVL21N4":{"count":2226.0,"mean":1.0106304648,"std":0.2324293163,"min":0.22,"25%":0.9,"50%":1.0,"75%":1.2,"max":1.47},"PORVL21N5":{"count":2226.0,"mean":1.1286552347,"std":0.2031108543,"min":0.15,"25%":1.03,"50%":1.17,"75%":1.25,"max":1.46},"PORVL24N1":{"count":2226.0,"mean":0.8124579736,"std":0.25896076,"min":0.14,"25%":0.63,"50%":0.83,"75%":1.0,"max":1.3},"PORVL24N2":{"count":2226.0,"mean":1.1962398922,"std":0.1923477982,"min":0.37,"25%":1.12,"50%":1.23,"75%":1.33,"max":1.49}}