{"Luz (lux)":{"count":9752.0,"mean":11228.8883305989,"std":15119.8818587976,"min":1.0,"25%":1.0,"50%":600.0,"75%":21674.0,"max":55731.0}}