{"PORVL2N1":{"count":4880.0,"mean":0.8934254193,"std":0.3459506898,"min":0.06,"25%":0.71,"50%":0.84,"75%":1.11,"max":1.7},"PORVL2N2":{"count":4880.0,"mean":0.9924944533,"std":0.3637828769,"min":0.06,"25%":0.75,"50%":0.93,"75%":1.39,"max":1.7},"PORVL4N1":{"count":4880.0,"mean":1.1109671417,"std":0.322340855,"min":0.09,"25%":0.91,"50%":1.02,"75%":1.39,"max":1.7},"PORVL5N1":{"count":4880.0,"mean":0.9415555835,"std":0.4346951526,"min":0.06,"25%":0.59,"50%":0.79,"75%":1.34,"max":1.7},"PORVL6N1":{"count":4880.0,"mean":1.3404992329,"std":0.2983147095,"min":0.19,"25%":1.19,"50%":1.37,"75%":1.65,"max":1.68},"PORVL7N1":{"count":4880.0,"mean":1.2973896924,"std":0.3575527043,"min":0.12,"25%":1.09,"50%":1.27,"75%":1.7,"max":1.7},"PORVL8N1":{"count":4880.0,"mean":1.2976724293,"std":0.3161503221,"min":0.12,"25%":1.1,"50%":1.22,"75%":1.67,"max":1.7},"PORVL9N1":{"count":4880.0,"mean":1.237719964,"std":0.3705004257,"min":0.06,"25%":0.93,"50%":1.14,"75%":1.7,"max":1.7},"PORVL10N1":{"count":4880.0,"mean":1.2144890804,"std":0.3414887877,"min":0.1,"25%":0.93,"50%":1.12,"75%":1.54,"max":1.7},"PORVL13N1":{"count":4880.0,"mean":1.2137495051,"std":0.3455995607,"min":0.08,"25%":0.96,"50%":1.14,"75%":1.51,"max":1.7},"PORVL14N1":{"count":4880.0,"mean":1.3292104043,"std":0.340684066,"min":0.07,"25%":1.1,"50%":1.32,"75%":1.7,"max":1.7},"PORVL15N1":{"count":4880.0,"mean":1.2717047296,"std":0.3548047785,"min":0.26,"25%":0.97,"50%":1.1,"75%":1.7,"max":1.7},"PORVL16N1":{"count":4880.0,"mean":1.2192531124,"std":0.4062119486,"min":0.25,"25%":0.87,"50%":1.03,"75%":1.7,"max":1.7},"PORVL16N2":{"count":4880.0,"mean":1.5560198756,"std":0.1586882386,"min":0.89,"25%":1.5175,"50%":1.6,"75%":1.69,"max":1.7},"PORVL18N1":{"count":4880.0,"mean":1.1263219663,"std":0.3558570068,"min":0.1,"25%":0.91,"50%":1.01,"75%":1.7,"max":1.7},"PORVL18N2":{"count":4880.0,"mean":1.1400960228,"std":0.4064935452,"min":0.07,"25%":0.84,"50%":1.08,"75%":1.56,"max":1.7},"PORVL18N3":{"count":4880.0,"mean":1.3841647536,"std":0.2847604751,"min":0.29,"25%":1.21,"50%":1.41,"75%":1.7,"max":1.7},"PORVL18N4":{"count":4880.0,"mean":1.3760021877,"std":0.2571168742,"min":0.62,"25%":1.18,"50%":1.36,"75%":1.65,"max":1.7},"PORVL21N1":{"count":4880.0,"mean":1.3566630041,"std":0.2973098307,"min":0.36,"25%":1.08,"50%":1.28,"75%":1.7,"max":1.7},"PORVL21N2":{"count":4880.0,"mean":1.2430676911,"std":0.3566074614,"min":0.09,"25%":0.95,"50%":1.14,"75%":1.7,"max":1.7},"PORVL21N3":{"count":4880.0,"mean":1.2009517132,"std":0.4122633282,"min":0.06,"25%":0.86,"50%":1.06,"75%":1.68,"max":1.7},"PORVL21N4":{"count":4880.0,"mean":1.2677078602,"std":0.3792109316,"min":0.22,"25%":0.96,"50%":1.22,"75%":1.7,"max":1.7},"PORVL21N5":{"count":4880.0,"mean":1.2732156863,"std":0.2819427621,"min":0.15,"25%":1.09,"50%":1.29,"75%":1.46,"max":1.7},"PORVL24N1":{"count":4880.0,"mean":1.0991890519,"std":0.4529880866,"min":0.14,"25%":0.76,"50%":1.06,"75%":1.58,"max":1.7},"PORVL24N2":{"count":4880.0,"mean":1.4051674902,"std":0.2946620922,"min":0.37,"25%":1.21,"50%":1.39,"75%":1.7,"max":1.7}}