{"Velocidad del viento (Km\/h)":{"count":9752.0,"mean":2.2167877036,"std":3.084594138,"min":0.0,"25%":0.0,"50%":1.51181144,"75%":3.2450735158,"max":68.57142857}}