{"Temperatura (C)":{"count":9752.0,"mean":27.5296216161,"std":3.7312098014,"min":21.37,"25%":24.56,"50%":26.31,"75%":30.62,"max":40.25}}