{"Precipitaci\u00f3n (ml)":{"count":4397.0,"mean":0.1697771208,"std":1.566047689,"min":0.0,"25%":0.0,"50%":0.0,"75%":0.0,"max":44.0}}