{"peso":{"count":7646.0,"mean":23.3887954486,"std":5.4672270715,"min":4.59,"25%":19.5,"50%":23.295,"75%":27.0,"max":57.09}}