{"Temperatura (C)":{"count":4398.0,"mean":27.5313892678,"std":4.2734323783,"min":21.37,"25%":24.0,"50%":25.9,"75%":31.06,"max":40.25}}